Data,Temperatura Média,Chuva
2023/01/01,23,1.0
2023/01/02,23,0.0
2023/01/03,23,8.8
2023/01/04,21,31.8
2023/01/05,17,24.2
2023/01/06,17,5.2
2023/01/07,17,1.4000000000000001
2023/01/08,19,0.6000000000000001
2023/01/09,19,0.2
2023/01/10,21,6.0
2023/01/11,22,3.6
2023/01/12,23,1.4
2023/01/13,24,14.600000000000001
2023/01/14,23,33.800000000000004
2023/01/15,25,0.4
2023/01/16,25,4.6
2023/01/17,25,1.0
2023/01/18,24,1.2
2023/01/19,23,0.2
2023/01/20,21,7.199999999999999
2023/01/21,22,0.0
2023/01/22,24,0.0
2023/01/23,24,6.800000000000001
2023/01/24,23,14.6
2023/01/25,24,0.2
2023/01/26,23,0.0
2023/01/27,23,0.0
2023/01/28,23,24.8
2023/01/29,23,6.8
2023/01/30,23,2.0
2023/01/31,24,5.0
2023/02/01,23,44.0
2023/02/02,24,13.6
2023/02/03,24,0.6
2023/02/04,23,12.6
2023/02/05,24,11.6
2023/02/06,23,6.4
2023/02/07,22,44.199999999999996
2023/02/08,22,1.4000000000000001
2023/02/09,23,10.2
2023/02/10,23,0.0
2023/02/11,21,26.400000000000002
2023/02/12,22,28.400000000000002
2023/02/13,23,2.5999999999999996
2023/02/14,24,7.0
2023/02/15,24,15.0
2023/02/16,24,0.2
2023/02/17,24,32.4
2023/02/18,22,38.800000000000004
2023/02/19,19,29.0
2023/02/20,22,57.00000000000001
2023/02/21,23,13.6
2023/02/22,22,12.0
2023/02/23,22,6.6000000000000005
2023/02/24,24,0.0
2023/02/25,24,0.8
2023/02/26,25,0.0
2023/02/27,24,1.6
2023/02/28,22,12.000000000000002
2023/03/01,22,0.2
2023/03/02,24,1.2
2023/03/03,25,0.8
2023/03/04,24,0.0
2023/03/05,24,0.6
2023/03/06,23,12.8
2023/03/07,24,2.2
2023/03/08,23,4.8
2023/03/09,23,31.400000000000002
2023/03/10,22,58.4
2023/03/11,21,20.0
2023/03/12,21,29.2
2023/03/13,21,36.6
2023/03/14,22,4.0
2023/03/15,23,0.0
2023/03/16,23,0.0
2023/03/17,22,0.0
2023/03/18,23,0.0
2023/03/19,24,0.6
2023/03/20,24,0.8
2023/03/21,24,0.0
2023/03/22,23,0.0
2023/03/23,24,0.0
2023/03/24,25,0.0
2023/03/25,24,0.0
2023/03/26,26,0.0
2023/03/27,22,2.0
2023/03/28,21,0.0
2023/03/29,22,17.2
2023/03/30,24,0.0
2023/03/31,23,12.0
2023/04/01,23,0.0
2023/04/02,20,0.2
2023/04/03,20,0.0
2023/04/04,22,0.0
2023/04/05,21,0.0
2023/04/06,21,0.0
2023/04/07,20,5.0
2023/04/08,20,0.8
2023/04/09,20,0.0
2023/04/10,20,0.0
2023/04/11,20,0.0
2023/04/12,22,1.6
2023/04/13,23,1.7999999999999998
2023/04/14,22,14.600000000000001
2023/04/15,21,3.0
2023/04/16,21,0.4
2023/04/17,22,6.0
2023/04/18,22,38.8
2023/04/19,21,14.999999999999998
2023/04/20,18,0.0
2023/04/21,17,0.0
2023/04/22,18,0.0
2023/04/23,20,0.0
2023/04/24,19,0.0
2023/04/25,20,0.0
2023/04/26,19,0.8
2023/04/27,20,1.0
2023/04/28,17,5.6000000000000005
2023/04/29,19,0.0
2023/04/30,21,0.0
2023/05/01,22,0.0
2023/05/02,21,9.799999999999999
2023/05/03,21,0.0
2023/05/04,22,0.0
2023/05/05,23,0.0
2023/05/06,22,0.0
2023/05/07,22,0.0
2023/05/08,22,0.0
2023/05/09,22,0.0
2023/05/10,20,16.6
2023/05/11,19,0.0
2023/05/12,17,0.0
2023/05/13,16,0.0
2023/05/14,17,0.0
2023/05/15,17,0.2
2023/05/16,17,0.0
2023/05/17,16,0.0
2023/05/18,16,0.2
2023/05/19,16,0.0
2023/05/20,17,0.0
2023/05/21,18,0.0
2023/05/22,19,0.0
2023/05/23,19,0.0
2023/05/24,19,0.2
2023/05/25,20,0.0
2023/05/26,20,0.0
2023/05/27,21,0.0
2023/05/28,20,11.4
2023/05/29,17,0.6000000000000001
2023/05/30,16,0.0
2023/05/31,16,32.6
2023/06/01,17,0.8
2023/06/02,17,0.0
2023/06/03,18,0.0
2023/06/04,18,0.2
2023/06/05,18,0.2
2023/06/06,17,0.0
2023/06/07,17,0.2
2023/06/08,18,0.0
2023/06/09,19,0.0
2023/06/10,20,0.0
2023/06/11,22,0.0
2023/06/12,20,0.0
2023/06/13,17,0.8
2023/06/14,16,13.4
2023/06/15,16,9.2
2023/06/16,15,0.4
2023/06/17,13,0.0
2023/06/18,14,0.0
2023/06/19,15,0.0
2023/06/20,16,0.0
2023/06/21,17,0.2
2023/06/22,18,0.0
2023/06/23,19,0.0
2023/06/24,20,0.0
2023/06/25,20,0.0
2023/06/26,20,0.0
2023/06/27,20,0.0
2023/06/28,20,0.0
2023/06/29,19,0.0
2023/06/30,17,0.8
2023/07/01,17,0.0
2023/07/02,17,0.0
2023/07/03,15,0.0
2023/07/04,15,0.0
2023/07/05,16,0.2
2023/07/06,17,0.0
2023/07/07,19,0.0
2023/07/08,20,0.0
2023/07/09,18,1.4
2023/07/10,18,2.6
2023/07/11,21,0.0
2023/07/12,21,0.0
2023/07/13,22,0.2
2023/07/14,16,0.0
2023/07/15,14,0.0
2023/07/16,16,0.0
2023/07/17,18,0.0
2023/07/18,16,0.0
2023/07/19,15,0.0
2023/07/20,17,0.0
2023/07/21,18,0.0
2023/07/22,17,0.0
2023/07/23,18,0.0
2023/07/24,20,0.0
2023/07/25,21,0.0
2023/07/26,21,0.0
2023/07/27,20,0.0
2023/07/28,20,4.6
2023/07/29,16,0.0
2023/07/30,15,0.0
2023/07/31,18,0.0
2023/08/01,19,0.0
2023/08/02,20,0.0
2023/08/03,21,0.0
2023/08/04,19,0.0
2023/08/05,23,0.0
2023/08/06,21,0.0
2023/08/07,23,0.0
2023/08/08,18,0.2
2023/08/09,18,7.8
2023/08/10,20,0.0
2023/08/11,21,1.0
2023/08/12,19,0.4
2023/08/13,16,0.0
2023/08/14,15,0.0
2023/08/15,19,0.0
2023/08/16,21,0.0
2023/08/17,22,0.0
2023/08/18,23,0.0
2023/08/19,22,0.0
2023/08/20,20,0.0
2023/08/21,22,0.0
2023/08/22,22,0.0
2023/08/23,27,0.0
2023/08/24,26,1.4
2023/08/25,19,0.0
2023/08/26,14,0.0
2023/08/27,12,0.0
2023/08/28,13,0.0
2023/08/29,16,0.0
2023/08/30,18,0.0
2023/08/31,18,0.0
2023/09/01,19,0.0
2023/09/02,22,10.0
2023/09/03,23,16.0
2023/09/04,26,0.0
2023/09/05,22,0.0
2023/09/06,17,0.0
2023/09/07,18,0.0
2023/09/08,22,0.0
2023/09/09,22,0.0
2023/09/10,21,0.0
2023/09/11,23,0.0
2023/09/12,25,0.0
2023/09/13,26,0.0
2023/09/14,21,19.8
2023/09/15,16,0.0
2023/09/16,20,0.0
2023/09/17,25,0.0
2023/09/18,26,0.0
2023/09/19,26,0.0
2023/09/20,24,0.0
2023/09/21,22,0.0
2023/09/22,25,0.0
2023/09/23,26,0.0
2023/09/24,28,0.0
2023/09/25,24,0.0
2023/09/26,26,0.0
2023/09/27,27,21.8
2023/09/28,16,5.3999999999999995
2023/09/29,19,0.0
2023/09/30,20,0.0
2023/10/01,20,64.2
2023/10/02,18,2.0
2023/10/03,20,0.0
2023/10/04,22,10.0
2023/10/05,22,29.0
2023/10/06,24,0.0
2023/10/07,26,22.4
2023/10/08,22,39.8
2023/10/09,21,49.6
2023/10/10,19,0.2
2023/10/11,24,0.0
2023/10/12,23,20.0
2023/10/13,17,1.4
2023/10/14,16,0.2
2023/10/15,19,0.0
2023/10/16,24,0.0
2023/10/17,21,30.599999999999998
2023/10/18,20,1.0
2023/10/19,17,0.0
2023/10/20,18,0.0
2023/10/21,18,0.0
2023/10/22,20,0.0
2023/10/23,23,0.0
2023/10/24,26,0.0
2023/10/25,22,0.2
2023/10/26,20,12.799999999999999
2023/10/27,21,8.0
2023/10/28,23,1.0
2023/10/29,24,37.0
2023/10/30,25,1.4
2023/10/31,24,12.2
2023/11/01,20,2.6
2023/11/02,19,0.0
2023/11/03,22,11.4
2023/11/04,23,0.2
2023/11/05,19,0.0
2023/11/06,18,0.0
2023/11/07,19,0.0
2023/11/08,23,0.0
2023/11/09,26,0.0
2023/11/10,24,0.0
2023/11/11,27,0.0
2023/11/12,30,0.0
2023/11/13,31,0.0
2023/11/14,27,0.0
2023/11/15,27,35.2
2023/11/16,26,16.0
2023/11/17,29,0.0
2023/11/18,29,0.0
2023/11/19,22,35.800000000000004
2023/11/20,21,0.2
2023/11/21,20,0.0
2023/11/22,30,0.0
2023/11/23,25,7.8
2023/11/24,19,2.4000000000000004
2023/11/25,16,4.8
2023/11/26,16,0.0
2023/11/28,26,0.0
2023/11/29,22,36.6
2023/11/30,24,0.2
2023/12/01,25,0.0
2023/12/02,26,0.0
2023/12/03,27,0.0
2023/12/04,25,0.4
2023/12/05,24,2.6
2023/12/06,26,0.0
2023/12/07,28,0.0
2023/12/08,25,9.8
2023/12/09,20,0.0
2023/12/10,21,0.2
2023/12/11,21,12.6
2023/12/12,20,0.2
2023/12/13,22,0.0
2023/12/14,26,0.0
2023/12/15,27,0.0
2023/12/16,26,7.4
2023/12/17,25,13.2
2023/12/18,25,0.0
2023/12/19,24,0.0
2023/12/20,23,0.0
2023/12/21,23,0.0
2023/12/22,25,7.4
2023/12/23,24,31.599999999999998
2023/12/24,24,0.0
2023/12/25,27,0.0
2023/12/26,25,1.0
2023/12/27,21,0.0
2023/12/28,23,0.0
2023/12/29,27,0.0
2023/12/30,23,5.6000000000000005
2023/12/31,21,0.0
2024/01/01,21,0.0
2024/01/02,23,0.2
2024/01/03,23,9.799999999999999
2024/01/04,22,5.0
2024/01/05,22,6.8
2024/01/06,23,0.0
2024/01/07,25,0.0
2024/01/08,26,10.6
2024/01/09,25,32.6
2024/01/10,26,0.0
2024/01/11,25,54.4
2024/01/12,24,41.2
2024/01/13,21,28.2
2024/01/14,24,0.0
2024/01/15,26,0.0
2024/01/16,28,0.0
2024/01/17,28,9.799999999999999
2024/01/18,26,0.2
2024/01/19,25,4.0
2024/01/20,24,21.200000000000003
2024/01/21,22,20.0
2024/01/22,21,2.8000000000000003
2024/01/23,19,31.599999999999998
2024/01/24,19,0.0
2024/01/25,18,2.0
2024/01/26,19,0.2
2024/01/27,21,1.7999999999999998
2024/01/28,21,13.6
2024/01/29,23,0.0
2024/01/30,25,0.0
2024/01/31,23,11.2
2024/02/01,21,14.0
2024/02/02,21,14.200000000000001
2024/02/03,22,0.0
2024/02/04,23,6.6
2024/02/05,24,0.0
2024/02/06,25,0.0
2024/02/07,24,0.0
2024/02/08,25,0.0
2024/02/09,25,0.0
2024/02/10,26,0.0
2024/02/11,26,0.0
2024/02/12,26,0.0
2024/02/13,27,0.0
2024/02/14,23,77.8
2024/02/15,21,6.0
2024/02/16,21,0.2
2024/02/17,22,0.0
2024/02/18,22,19.6
2024/02/19,22,0.2
2024/02/20,22,4.6000000000000005
2024/02/21,22,15.4
2024/02/22,24,6.8
2024/02/23,25,2.2
2024/02/24,24,8.0
2024/02/25,25,0.0
2024/02/26,24,0.0
2024/02/27,26,0.0
2024/02/28,26,24.799999999999997
2024/02/29,26,0.0
2024/03/01,25,0.7999999999999999
2024/03/02,23,0.0
2024/03/03,24,0.0
2024/03/04,25,0.0
2024/03/05,24,65.0
2024/03/06,23,5.6
2024/03/07,23,0.0
2024/03/08,24,26.799999999999997
2024/03/09,25,6.800000000000001
2024/03/10,24,18.0
2024/03/11,23,0.4
2024/03/12,22,0.0
2024/03/13,24,0.0
2024/03/14,26,0.0
2024/03/15,28,0.0
2024/03/16,28,0.0
2024/03/17,29,0.0
2024/03/18,25,63.0
2024/03/19,25,19.0
2024/03/20,26,0.2
2024/03/21,27,0.0
2024/03/22,21,11.2
2024/03/23,18,14.200000000000001
2024/03/24,19,20.2
2024/03/25,22,0.0
2024/03/26,21,0.0
2024/03/27,20,0.6000000000000001
2024/03/28,19,18.2
2024/03/29,22,0.0
2024/03/30,23,0.0
2024/03/31,23,0.2
2024/04/01,22,0.0
2024/04/02,23,0.8
2024/04/03,24,0.0
2024/04/04,24,0.0
2024/04/05,22,0.0
2024/04/06,23,0.0
2024/04/07,22,0.0
2024/04/08,22,2.2
2024/04/09,23,4.0
2024/04/10,23,0.0
2024/04/11,22,0.0
2024/04/12,23,0.0
2024/04/13,23,0.0
2024/04/14,23,0.0
2024/04/15,24,0.2
2024/04/16,25,0.0
2024/04/17,24,9.200000000000001
2024/04/18,19,0.6000000000000001
2024/04/19,18,0.0
2024/04/20,20,0.0
2024/04/21,21,0.2
2024/04/22,22,0.0
2024/04/23,24,0.0
2024/04/24,24,0.0
2024/04/25,23,0.0
2024/04/26,23,0.0
2024/04/27,25,0.0
2024/04/28,26,0.0
2024/04/29,25,0.0
2024/04/30,26,0.0
2024/05/01,26,0.0
2024/05/02,26,0.0
2024/05/03,25,0.0
2024/05/04,25,0.0
2024/05/05,25,0.0
2024/05/06,24,0.0
2024/05/07,25,0.0
2024/05/08,25,0.0
2024/05/09,24,0.0
2024/05/10,24,0.0
2024/05/11,24,0.0
2024/05/12,25,0.0
2024/05/13,25,0.0
2024/05/14,20,1.4
2024/05/15,18,0.0
2024/05/16,21,0.0
2024/05/17,26,0.0
2024/05/18,24,0.0
2024/05/19,22,0.0
2024/05/20,21,0.2
2024/05/21,20,0.0
2024/05/22,22,0.0
2024/05/23,23,0.0
2024/05/24,21,2.2
2024/05/25,17,0.0
2024/05/26,15,14.8
2024/05/27,16,46.6
2024/05/28,18,0.0
2024/05/29,15,0.0
2024/05/30,14,0.0
2024/05/31,15,0.0
2024/06/01,18,0.0
2024/06/02,18,0.2
2024/06/03,19,0.0
2024/06/04,17,0.0
2024/06/05,18,0.0
2024/06/06,18,0.0
2024/06/07,19,0.2
2024/06/08,20,0.0
2024/06/09,21,0.0
2024/06/10,22,0.0
2024/06/11,21,0.0
2024/06/12,21,0.0
2024/06/13,20,0.0
2024/06/14,22,0.0
2024/06/15,21,0.0
2024/06/16,22,0.0
2024/06/17,22,0.0
2024/06/18,21,0.0
2024/06/19,21,0.0
2024/06/20,20,0.0
2024/06/21,19,0.0
2024/06/22,20,0.0
2024/06/23,22,0.0
2024/06/24,23,0.0
2024/06/25,19,0.2
2024/06/26,21,0.0
2024/06/27,21,0.0
2024/06/28,20,0.0
2024/06/29,20,0.0
2024/06/30,14,0.0
2024/07/01,14,0.0
2024/07/02,17,0.2
2024/07/03,18,0.0
2024/07/04,20,0.0
2024/07/05,21,0.0
2024/07/06,18,0.0
2024/07/07,18,0.0
2024/07/08,15,6.0
2024/07/09,13,36.8
2024/07/10,17,18.0
2024/07/11,19,0.0
2024/07/12,17,0.0
2024/07/13,15,0.0
2024/07/14,18,0.0
2024/07/15,16,0.0
2024/07/16,16,0.0
2024/07/17,18,0.0
2024/07/18,18,0.0
2024/07/19,16,0.0
2024/07/20,16,0.0
2024/07/21,17,0.0
2024/07/22,19,0.2
2024/07/23,18,0.0
2024/07/24,19,0.0
2024/07/25,19,0.0
2024/07/26,20,0.0
2024/07/27,20,0.0
2024/07/28,21,0.0
2024/07/29,20,0.0
2024/07/30,15,5.2
2024/07/31,17,0.0
2024/08/01,18,0.0
2024/08/02,19,0.0
2024/08/03,21,0.0
2024/08/04,22,0.0
2024/08/05,23,0.0
2024/08/06,23,0.0
2024/08/07,23,0.0
2024/08/08,24,0.0
2024/08/09,19,3.4000000000000004
2024/08/10,12,41.0
2024/08/11,13,0.0
2024/08/12,15,0.0
2024/08/13,11,0.0
2024/08/14,14,0.0
2024/08/15,19,0.2
2024/08/16,22,0.0
2024/08/17,23,0.0
2024/08/18,23,0.0
2024/08/19,24,0.0
2024/08/20,24,0.0
2024/08/21,20,0.0
2024/08/22,23,0.0
2024/08/23,24,0.0
2024/08/24,18,7.6000000000000005
2024/08/25,12,3.2
2024/08/26,11,0.2
2024/08/27,11,0.0
2024/08/28,14,0.0
2024/08/29,18,0.0
2024/08/30,22,0.0
2024/08/31,22,0.0
2024/09/01,23,0.0
2024/09/02,23,0.0
2024/09/03,22,0.0
2024/09/04,25,0.0
2024/09/05,22,0.0
2024/09/06,18,0.0
2024/09/07,23,0.0
2024/09/08,26,0.0
2024/09/09,26,0.0
2024/09/10,25,0.0
2024/09/11,26,0.0
2024/09/12,26,0.0
2024/09/13,26,0.0
2024/09/14,25,0.0
2024/09/15,19,0.0
2024/09/16,16,11.4
2024/09/17,15,1.4000000000000001
2024/09/18,17,0.0
2024/09/19,19,0.2
2024/09/20,23,0.4
2024/09/21,22,0.8
2024/09/22,24,0.0
2024/09/23,25,0.0
2024/09/24,25,0.0
2024/09/25,27,0.0
2024/09/26,28,0.0
2024/09/27,22,1.2
2024/09/28,18,0.0
2024/09/29,20,0.0
2024/09/30,23,0.0
2024/10/01,26,0.0
2024/10/02,27,0.0
2024/10/03,19,4.6000000000000005
2024/10/04,17,0.6000000000000001
2024/10/05,18,0.0
2024/10/06,20,0.0
2024/10/07,20,0.0
2024/10/08,21,0.0
2024/10/09,19,0.0
2024/10/10,20,0.2
2024/10/11,22,25.6
2024/10/12,22,1.7999999999999998
2024/10/13,19,0.2
2024/10/14,20,0.0
2024/10/15,21,0.0
2024/10/16,22,0.0
2024/10/17,23,0.0
2024/10/18,21,0.0
2024/10/19,17,6.199999999999999
2024/10/20,16,9.200000000000001
2024/10/21,20,0.0
2024/10/22,24,0.0
2024/10/23,23,74.4
2024/10/24,23,23.599999999999998
2024/10/25,22,24.8
2024/10/26,24,0.0
2024/10/27,18,1.4000000000000001
2024/10/28,18,1.2
2024/10/29,20,0.0
2024/10/30,21,0.0
2024/10/31,20,0.0
2024/11/01,22,0.0
2024/11/02,22,9.799999999999999
2024/11/03,20,6.4
2024/11/04,20,13.200000000000001
2024/11/05,23,0.4
2024/11/06,23,17.799999999999997
2024/11/07,22,5.4
2024/11/08,20,57.4
2024/11/09,18,0.2
2024/11/10,19,0.0
2024/11/11,22,0.0
2024/11/12,23,0.0
2024/11/13,17,3.8
2024/11/14,17,0.0
2024/11/15,20,0.2
2024/11/16,21,0.0
2024/11/17,22,0.0
2024/11/18,24,0.0
2024/11/19,23,0.0
2024/11/20,23,0.0
2024/11/21,22,0.0
2024/11/22,20,0.6000000000000001
2024/11/23,20,0.0
2024/11/24,19,0.0
2024/11/25,21,0.0
2024/11/26,25,0.0
2024/11/27,28,0.0
2024/11/28,27,3.5999999999999996
2024/11/29,23,6.6000000000000005
2024/11/30,25,0.0
2024/12/01,24,0.0
2024/12/02,25,5.6
2024/12/03,22,23.400000000000002
2024/12/04,19,0.0
2024/12/05,21,33.6
2024/12/06,26,0.6
2024/12/07,27,0.0
2024/12/08,24,0.0
2024/12/09,24,0.0
2024/12/10,22,5.0
2024/12/11,20,0.0
2024/12/12,21,0.0
2024/12/13,22,0.0
2024/12/14,22,0.7999999999999999
2024/12/15,24,1.4
2024/12/16,25,0.0
2024/12/17,22,0.0
2024/12/18,22,0.0
2024/12/19,24,0.0
2024/12/20,24,29.8
2024/12/21,22,20.0
2024/12/22,23,0.2
2024/12/23,22,8.6
2024/12/24,22,0.2
2024/12/25,24,3.4
2024/12/26,21,38.4
2024/12/27,21,50.800000000000004
2024/12/28,23,0.8
2024/12/29,23,0.4
2024/12/30,22,3.2
2024/12/31,23,0.2
2025/01/01,23,0.4
2025/01/02,25,0.2
2025/01/03,24,13.6
2025/01/04,24,0.4
2025/01/05,23,1.0
2025/01/06,24,0.0
2025/01/07,22,9.4
2025/01/08,22,2.5999999999999996
2025/01/09,21,0.0
2025/01/10,21,0.4
2025/01/11,21,0.0
2025/01/12,21,0.0
2025/01/13,20,0.0
2025/01/14,19,0.0
2025/01/15,22,0.0
2025/01/16,24,8.600000000000001
2025/01/17,24,27.0
2025/01/18,26,0.4
2025/01/19,26,4.6
2025/01/20,27,0.0
2025/01/21,28,0.0
2025/01/22,27,13.4
2025/01/23,25,0.0
2025/01/24,24,125.39999999999999
2025/01/25,25,0.8
2025/01/26,23,41.0
2025/01/27,22,12.8
2025/01/28,22,12.0
2025/01/29,22,24.0
2025/01/30,22,7.3999999999999995
2025/01/31,23,4.2
2025/02/01,22,82.0
2025/02/02,23,8.4
2025/02/03,22,38.6
2025/02/04,23,13.0
2025/02/05,24,0.0
2025/02/06,26,18.6
2025/02/07,25,0.0
2025/02/08,25,0.0
2025/02/09,25,0.0
2025/02/10,24,37.0
2025/02/11,25,0.0
2025/02/12,27,0.0
2025/02/13,25,16.2
2025/02/14,23,35.8
2025/02/15,24,3.0
2025/02/16,27,0.0
2025/02/17,29,0.0
2025/02/18,27,14.799999999999999
2025/02/19,24,15.0
2025/02/20,26,0.0
2025/02/21,26,0.0
2025/02/22,25,0.0
2025/02/23,25,0.2
2025/02/24,26,0.0
2025/02/25,26,0.0
2025/02/26,26,1.6
2025/02/27,25,3.6
2025/02/28,25,0.0
2025/03/01,26,0.0
2025/03/02,26,0.0
2025/03/03,26,0.0
2025/03/04,25,0.0
2025/03/05,25,0.0
2025/03/06,24,0.0
2025/03/07,24,0.0
2025/03/08,24,0.0
2025/03/09,25,0.0
2025/03/10,24,0.4
2025/03/11,24,8.6
2025/03/12,23,8.2
2025/03/13,24,14.4
2025/03/14,24,0.0
2025/03/15,23,0.0
2025/03/16,21,0.0
2025/03/17,22,0.0
2025/03/18,23,20.2
2025/03/19,21,25.2
2025/03/20,20,0.4
2025/03/21,21,0.0
2025/03/22,23,0.0
2025/03/23,22,15.0
2025/03/24,22,0.2
2025/03/25,24,0.2
2025/03/26,22,0.0
2025/03/27,23,0.0
2025/03/28,23,1.2
2025/03/29,23,0.0
2025/03/30,24,0.0
2025/03/31,22,17.2
2025/04/01,23,0.0
2025/04/02,25,0.0
2025/04/03,23,11.0
2025/04/04,22,26.6
2025/04/05,18,1.0
2025/04/06,18,0.2
2025/04/07,19,0.4
2025/04/08,20,0.0
2025/04/09,23,7.8
2025/04/10,21,24.599999999999998
2025/04/11,21,0.2
2025/04/12,21,0.0
2025/04/13,22,2.0
2025/04/14,20,58.6
2025/04/15,20,0.0
2025/04/16,21,0.8
2025/04/17,22,0.0
2025/04/18,22,11.2
2025/04/19,22,1.8
2025/04/20,20,5.6000000000000005
2025/04/21,19,0.0
2025/04/22,18,0.0
2025/04/23,19,0.0
2025/04/24,21,3.4000000000000004
2025/04/25,19,24.8
2025/04/26,21,0.0
2025/04/27,21,0.0
2025/04/28,21,0.4
2025/04/29,19,0.0
2025/04/30,18,0.0
2025/05/01,18,0.0
2025/05/02,19,0.0
2025/05/03,19,0.0
2025/05/04,19,0.0
2025/05/05,19,0.0
2025/05/06,20,0.0
2025/05/07,20,0.0
2025/05/08,22,0.0
2025/05/09,24,0.0
2025/05/10,22,11.0
2025/05/11,16,6.0
2025/05/12,17,0.0
2025/05/13,19,0.0
2025/05/14,18,0.0
2025/05/15,17,0.0
2025/05/16,19,0.0
2025/05/17,19,0.2
2025/05/18,21,0.2
2025/05/19,21,0.0
2025/05/20,21,0.0
2025/05/21,21,0.0
2025/05/22,20,18.0
2025/05/23,19,0.6000000000000001
2025/05/24,18,0.0
2025/05/25,19,0.0
2025/05/26,20,0.0
2025/05/27,20,0.0
2025/05/28,21,0.0
2025/05/29,16,2.0
2025/05/30,14,0.0
2025/05/31,17,0.0
2025/06/01,17,0.0
2025/06/02,18,0.0
2025/06/03,18,2.6
2025/06/04,21,0.0
2025/06/05,20,25.0
2025/06/06,18,1.5999999999999999
2025/06/07,18,2.1999999999999997
2025/06/08,18,1.8
2025/06/09,16,14.2
2025/06/10,15,0.0
2025/06/11,14,2.2
2025/06/12,12,1.2
2025/06/13,14,0.0
2025/06/14,14,0.0
2025/06/15,15,0.0
2025/06/16,18,0.0
2025/06/17,18,0.2
2025/06/18,18,0.0
2025/06/19,19,0.0
2025/06/20,20,0.0
2025/06/21,20,0.0
2025/06/22,20,0.0
2025/06/23,20,4.2
2025/06/24,15,14.6
2025/06/25,11,0.0
2025/06/26,17,0.0
2025/06/27,19,2.6
2025/06/28,19,0.0
2025/06/29,22,0.0
2025/06/30,18,0.0
2025/07/01,15,0.0
2025/07/02,12,0.6000000000000001
2025/07/03,12,2.8000000000000003
2025/07/04,14,0.2
2025/07/05,15,0.0
2025/07/06,15,0.0
2025/07/07,14,0.0
2025/07/08,16,0.0
2025/07/09,14,0.0
2025/07/10,16,0.0
2025/07/11,17,0.0
2025/07/12,18,0.0
2025/07/13,18,0.0
2025/07/14,16,0.0
2025/07/15,16,0.0
2025/07/16,16,0.0
2025/07/17,17,0.0
2025/07/18,18,0.0
2025/07/19,15,0.0
2025/07/20,15,0.0
2025/07/21,17,0.0
2025/07/22,18,0.0
2025/07/23,17,0.0
2025/07/24,16,0.0
2025/07/25,16,3.8
2025/07/26,17,0.0
2025/07/27,19,0.2
2025/07/28,20,8.0
2025/07/29,16,0.0
2025/07/30,12,0.0
2025/07/31,13,0.0
2025/08/01,15,0.0
2025/08/02,18,0.0
2025/08/03,19,0.0
2025/08/04,17,0.0
2025/08/05,16,0.0
2025/08/06,16,0.2
2025/08/07,18,0.0
2025/08/08,18,0.6000000000000001
2025/08/09,15,0.0
2025/08/10,11,0.0
2025/08/11,13,0.0
2025/08/12,13,0.0
2025/08/13,17,0.0
2025/08/14,15,0.0
2025/08/15,15,0.0
2025/08/16,17,0.0
2025/08/17,18,0.0
2025/08/18,17,0.0
2025/08/19,18,0.0
2025/08/20,21,0.0
2025/08/21,23,0.0
2025/08/22,24,0.0
2025/08/23,25,0.0
2025/08/24,19,0.0
2025/08/25,18,0.0
2025/08/26,16,2.8000000000000003
2025/08/27,18,13.0
2025/08/28,18,0.0
2025/08/29,18,0.0
2025/08/30,18,0.0
2025/08/31,18,0.0
2025/09/01,19,0.0
2025/09/02,20,0.0
2025/09/03,21,0.0
2025/09/04,22,0.0
2025/09/05,21,0.0
2025/09/06,17,0.0
2025/09/07,17,0.0
2025/09/08,21,0.0
2025/09/09,23,0.0
2025/09/10,20,0.0
2025/09/11,20,0.0
2025/09/12,17,0.0
2025/09/13,17,0.0
2025/09/14,17,0.0
2025/09/15,20,0.0
2025/09/16,20,0.2
2025/09/17,19,0.0
2025/09/18,18,0.0
2025/09/19,22,0.0
2025/09/20,24,0.0
2025/09/21,25,1.0
2025/09/22,20,40.800000000000004
2025/09/23,17,0.0
2025/09/24,16,0.0
2025/09/25,15,0.0
2025/09/26,15,0.0
2025/09/27,16,0.0
2025/09/28,18,0.0
2025/09/29,22,0.0
2025/09/30,24,0.0
2025/10/01,21,0.0
2025/10/02,19,0.0
2025/10/03,21,0.0
2025/10/04,20,0.0
2025/10/05,24,0.0
2025/10/06,27,0.0
2025/10/07,20,0.0
2025/10/08,16,2.8
2025/10/09,16,0.4
2025/10/10,16,24.6
2025/10/11,19,0.4
2025/10/12,22,0.0
2025/10/13,22,0.6000000000000001
2025/10/14,21,0.0
2025/10/15,19,0.0
2025/10/16,21,0.0
2025/10/17,24,0.0
2025/10/18,20,46.800000000000004
2025/10/19,15,3.2
2025/10/20,14,0.0
2025/10/21,15,0.0
2025/10/22,16,0.0
2025/10/23,17,0.0
2025/10/24,19,0.0
2025/10/25,22,0.0
2025/10/26,24,0.0
2025/10/27,20,1.4
2025/10/28,19,4.4
2025/10/29,21,16.6
2025/10/30,17,5.2
2025/10/31,17,10.0
2025/11/01,21,0.0
2025/11/02,19,18.4
2025/11/03,22,0.0
2025/11/04,21,3.6
2025/11/05,23,0.0
2025/11/06,19,0.2
2025/11/07,19,0.0
2025/11/08,21,10.6
2025/11/09,17,0.7999999999999999
2025/11/10,17,0.0
2025/11/11,19,0.0
2025/11/12,21,0.0
2025/11/13,22,0.0
2025/11/14,20,0.0
2025/11/15,20,0.0
2025/11/16,21,2.0
2025/11/17,23,2.0
2025/11/18,22,4.4
2025/11/19,20,0.0
2025/11/20,19,0.0
2025/11/21,22,0.0
2025/11/22,23,1.2
2025/11/23,21,2.8
2025/11/24,19,5.4
2025/11/25,18,0.8
2025/11/26,19,0.0
2025/11/27,18,0.0
2025/11/28,22,0.0
2025/11/29,24,0.0
2025/11/30,25,0.0
2025/12/01,23,0.0
2025/12/02,22,4.4
2025/12/03,23,0.0
2025/12/04,21,3.0
2025/12/05,21,0.0
2025/12/06,23,0.0
2025/12/07,25,0.0
2025/12/08,23,0.6000000000000001
2025/12/09,21,39.2
2025/12/10,23,36.8
2025/12/11,25,0.0
2025/12/12,24,11.6
2025/12/13,21,40.2
2025/12/14,23,0.8
2025/12/15,25,0.0
2025/12/16,25,4.8
2025/12/17,18,8.6
2025/12/18,18,0.2
2025/12/19,20,0.0
2025/12/20,22,0.0
2025/12/21,24,0.2
2025/12/22,26,1.2
2025/12/23,28,0.0
2025/12/24,28,0.0
2025/12/25,29,0.0
2025/12/26,28,14.6
2025/12/27,27,6.8
2025/12/28,27,0.2
2025/12/29,27,13.799999999999999
2025/12/30,26,23.4
2025/12/31,25,5.0
